{
"meta":{"test_sets":["test"],"test_metrics":[{"best_value":"Min","name":"Logloss"}],"learn_metrics":[{"best_value":"Min","name":"Logloss"}],"launch_mode":"Train","parameters":"","iteration_count":8192,"learn_sets":["learn"],"name":"experiment"},
"iterations":[
{"learn":[0.6704858886],"iteration":0,"passed_time":0.02904982828,"remaining_time":237.9471435,"test":[0.6709842382]},
{"learn":[0.6529976412],"iteration":1,"passed_time":0.05611319687,"remaining_time":229.7835412,"test":[0.6548964033]},
{"learn":[0.6388366684],"iteration":2,"passed_time":0.08169144824,"remaining_time":222.9904232,"test":[0.6400680182]},
{"learn":[0.6257332827],"iteration":3,"passed_time":0.1073758447,"remaining_time":219.7983541,"test":[0.6269007836]},
{"learn":[0.6152936317],"iteration":4,"passed_time":0.1339934762,"remaining_time":219.4009179,"test":[0.6168105927]},
{"learn":[0.605163683],"iteration":5,"passed_time":0.1605805795,"remaining_time":219.0854373,"test":[0.6056862033]},
{"learn":[0.5977852283],"iteration":6,"passed_time":0.1874290416,"remaining_time":219.1581008,"test":[0.5989568662]},
{"learn":[0.590129706],"iteration":7,"passed_time":0.2140307441,"remaining_time":218.9534513,"test":[0.5907544119]},
{"learn":[0.58357499],"iteration":8,"passed_time":0.2426575149,"remaining_time":220.6296049,"test":[0.5843995635]},
{"learn":[0.5787930173],"iteration":9,"passed_time":0.2697345314,"remaining_time":220.6967936,"test":[0.5796131961]},
{"learn":[0.5740689803],"iteration":10,"passed_time":0.3010510202,"remaining_time":223.8998542,"test":[0.5754519139]},
{"learn":[0.5703054623],"iteration":11,"passed_time":0.3319544004,"remaining_time":226.2822496,"test":[0.5718249893]},
{"learn":[0.5665106281],"iteration":12,"passed_time":0.3678250349,"remaining_time":231.4185354,"test":[0.567654358]}
]}